TIME,BUTTON,X,Y,Z,PRESSURE_NORMAL
120566462,1,6174,5880,0,14075
120566469,1,6174,5880,0,19884
120566477,1,6174,5880,0,19884
120566484,1,6101,5854,0,18219
120566492,1,6079,5848,0,18219
120566499,1,6064,5844,0,18988
120566507,1,6055,5844,0,19236
120566514,1,6049,5844,0,19236
120566522,1,6045,5844,0,18531
120566529,1,6042,5844,0,18171
120566537,1,6041,5845,0,18139
120566544,1,6040,5847,0,18139
120566552,1,6040,5848,0,18235
120566559,1,6040,5848,0,18411
120566567,1,6040,5848,0,18828
120566574,1,6040,5848,0,19276
120566582,1,6040,5848,0,19596
120566589,1,6040,5848,0,19796
120566597,1,6040,5848,0,19980
120566604,1,6040,5848,0,20092
120566612,1,6040,5848,0,20212
120566619,1,6040,5848,0,20300
120566627,1,6041,5848,0,20356
120566634,1,6041,5848,0,20364
120566642,1,6043,5848,0,20380
120566649,1,6044,5848,0,20428
120566657,1,6047,5848,0,20508
120566664,1,6049,5848,0,20652
120566672,1,6052,5849,0,20852
120566679,1,6055,5851,0,21068
120566687,1,6058,5853,0,21244
120566694,1,6060,5855,0,21436
120566702,1,6062,5857,0,21652
120566709,1,6064,5858,0,21844
120566717,1,6065,5860,0,22044
120566724,1,6066,5861,0,22260
120566732,1,6067,5862,0,22404
120566739,1,6068,5863,0,22580
120566747,1,6069,5863,0,22724
120566754,1,6070,5863,0,22836
120566762,1,6071,5864,0,22964
120566769,1,6073,5864,0,23012
120566777,1,6076,5866,0,23140
120566784,1,6082,5868,0,23228
120566792,1,6090,5872,0,23308
120566799,1,6101,5877,0,23429
120566807,1,6116,5884,0,23573
120566814,1,6134,5892,0,23685
120566822,1,6157,5902,0,23765
120566829,1,6184,5913,0,23861
120566837,1,6215,5926,0,24021
120566844,1,6251,5940,0,24149
120566852,1,6291,5955,0,24213
120566859,1,6342,5975,0,24413
120566867,1,6403,5999,0,24533
120566874,1,6476,6028,0,24677
120566882,1,6552,6060,0,24805
120566889,1,6627,6091,0,24941
120566897,1,6699,6121,0,25013
120566904,1,6767,6150,0,25069
120566912,1,6838,6179,0,25165
120566919,1,6910,6208,0,25277
120566927,1,6985,6238,0,25325
120566934,1,7063,6269,0,25325
120566942,1,7142,6299,0,25325
120566949,1,7221,6330,0,25325
120566957,1,7302,6361,0,25325
120566964,1,7383,6390,0,25325
120566972,1,7466,6419,0,25325
120566979,1,7549,6447,0,25333
120566987,1,7634,6474,0,25389
120566994,1,7721,6500,0,25397
120567002,1,7808,6526,0,25397
120567009,1,7897,6551,0,25405
120567017,1,7986,6574,0,25405
120567024,1,8073,6597,0,25405
120567032,1,8159,6619,0,25413
120567039,1,8245,6640,0,25413
120567047,1,8331,6661,0,25429
120567054,1,8417,6680,0,25485
120567062,1,8504,6699,0,25549
120567069,1,8591,6719,0,25549
120567077,1,8678,6738,0,25557
120567084,1,8763,6756,0,25557
120567092,1,8847,6774,0,25573
120567099,1,8930,6790,0,25581
120567107,1,9012,6806,0,25653
120567114,1,9094,6823,0,25701
120567122,1,9174,6838,0,25749
120567129,1,9254,6854,0,25765
120567137,1,9334,6869,0,25773
120567144,1,9414,6884,0,25813
120567152,1,9491,6898,0,25821
120567159,1,9567,6911,0,25821
120567167,1,9641,6923,0,25821
120567174,1,9712,6933,0,25829
120567182,1,9782,6943,0,25829
120567189,1,9850,6951,0,25845
120567197,1,9918,6959,0,25853
120567204,1,9984,6965,0,25861
120567212,1,10049,6970,0,25869
120567219,1,10114,6974,0,25885
120567227,1,10177,6977,0,25885
120567234,1,10241,6978,0,25885
120567242,1,10301,6978,0,25885
120567249,1,10359,6978,0,25877
120567257,1,10415,6978,0,25869
120567264,1,10467,6974,0,25861
120567272,1,10512,6968,0,25861
120567279,1,10549,6963,0,25853
120567287,1,10579,6957,0,25845
120567294,1,10608,6950,0,25845
120567302,1,10642,6940,0,25805
120567309,1,10680,6928,0,25805
120567317,1,10723,6913,0,25821
120567324,1,10764,6896,0,25821
120567332,1,10803,6879,0,25773
120567339,1,10840,6860,0,25725
120567347,1,10875,6839,0,25677
120567354,1,10908,6818,0,25597
120567362,1,10940,6795,0,25533
120567369,1,10970,6771,0,25461
120567377,1,10999,6747,0,25453
120567384,1,11025,6722,0,25381
120567392,1,11050,6697,0,25373
120567399,1,11072,6671,0,25309
120567407,1,11093,6646,0,25309
120567414,1,11111,6621,0,25301
120567422,1,11127,6596,0,25301
120567429,1,11142,6571,0,25293
120567437,1,11154,6546,0,25277
120567444,1,11165,6522,0,25277
120567452,1,11175,6497,0,25269
120567459,1,11183,6473,0,25261
120567467,1,11190,6449,0,25261
120567474,1,11195,6425,0,25261
120567482,1,11198,6402,0,25253
120567489,1,11200,6379,0,25245
120567497,1,11200,6357,0,25229
120567504,1,11200,6335,0,25221
120567512,1,11200,6313,0,25213
120567519,1,11198,6290,0,25149
120567527,1,11191,6266,0,25149
120567534,1,11182,6241,0,25141
120567542,1,11171,6214,0,25133
120567549,1,11158,6185,0,25061
120567557,1,11142,6155,0,25061
120567564,1,11124,6123,0,25069
120567572,1,11104,6092,0,25077
120567579,1,11082,6059,0,25085
120567587,1,11058,6026,0,25093
120567594,1,11032,5993,0,25165
120567602,1,11005,5961,0,25173
120567609,1,10977,5928,0,25213
120567617,1,10947,5896,0,25213
120567624,1,10916,5865,0,25221
120567632,1,10884,5833,0,25221
120567639,1,10851,5801,0,25221
120567647,1,10816,5770,0,25165
120567654,1,10779,5740,0,25149
120567662,1,10741,5709,0,25149
120567669,1,10702,5680,0,25101
120567677,1,10661,5650,0,25093
120567684,1,10619,5620,0,25021
120567692,1,10576,5590,0,25005
120567699,1,10531,5561,0,25013
120567707,1,10486,5532,0,25013
120567714,1,10439,5503,0,25029
120567722,1,10385,5472,0,25037
120567729,1,10322,5436,0,25045
120567737,1,10251,5397,0,25093
120567744,1,10178,5357,0,25101
120567752,1,10110,5320,0,25109
120567759,1,10048,5286,0,25117
120567767,1,9991,5256,0,25125
120567774,1,9935,5226,0,25189
120567782,1,9878,5197,0,25189
120567789,1,9821,5168,0,25197
120567797,1,9763,5140,0,25197
120567804,1,9706,5112,0,25205
120567812,1,9649,5084,0,25205
120567819,1,9592,5056,0,25205
120567827,1,9533,5028,0,25213
120567834,1,9473,5001,0,25213
120567842,1,9412,4973,0,25221
120567849,1,9352,4946,0,25221
120567857,1,9293,4917,0,25229
120567864,1,9234,4888,0,25245
120567872,1,9174,4859,0,25253
120567879,1,9114,4829,0,25253
120567887,1,9054,4798,0,25261
120567894,1,8994,4768,0,25261
120567902,1,8934,4739,0,25261
120567909,1,8873,4710,0,25261
120567917,1,8812,4682,0,25253
120567924,1,8748,4654,0,25245
120567932,1,8684,4628,0,25237
120567939,1,8618,4604,0,25157
120567947,1,8553,4581,0,25149
120567954,1,8488,4559,0,25133
120567962,1,8423,4539,0,25133
120567969,1,8357,4519,0,25133
120567977,1,8292,4501,0,25133
120567984,1,8227,4484,0,25125
120567992,1,8161,4467,0,25117
120567999,1,8096,4451,0,25069
120568007,1,8030,4435,0,25069
120568014,1,7962,4421,0,25061
120568022,1,7893,4407,0,25053
120568029,1,7822,4394,0,25045
120568037,1,7751,4383,0,25045
120568044,1,7681,4373,0,25045
120568052,1,7612,4364,0,25053
120568059,1,7542,4357,0,25061
120568067,1,7471,4351,0,25101
120568074,1,7400,4347,0,25101
120568082,1,7329,4345,0,25053
120568089,1,7256,4344,0,25045
120568097,1,7182,4344,0,25037
120568104,1,7108,4344,0,25037
120568112,1,7032,4344,0,25045
120568119,1,6958,4344,0,25093
120568127,1,6884,4346,0,25101
120568134,1,6811,4350,0,25109
120568142,1,6738,4355,0,25181
120568149,1,6666,4359,0,25197
120568157,1,6595,4365,0,25197
120568164,1,6525,4372,0,25197
120568172,1,6455,4379,0,25205
120568179,1,6385,4388,0,25213
120568187,1,6315,4399,0,25301
120568194,1,6246,4411,0,25373
120568202,1,6180,4425,0,25421
120568209,1,6115,4440,0,25421
120568217,1,6052,4456,0,25493
120568224,1,5991,4473,0,25509
120568232,1,5931,4491,0,25581
120568239,1,5873,4509,0,25581
120568247,1,5817,4528,0,25581
120568254,1,5770,4544,0,25653
120568262,1,5731,4558,0,25661
120568269,1,5700,4571,0,25709
120568277,1,5669,4584,0,25717
120568284,1,5633,4600,0,25733
120568292,1,5592,4619,0,25813
120568299,1,5546,4642,0,25821
120568307,1,5502,4666,0,25893
120568314,1,5460,4692,0,25893
120568322,1,5421,4720,0,25957
120568329,1,5384,4750,0,25965
120568337,1,5350,4783,0,26013
120568344,1,5318,4818,0,26013
120568352,1,5289,4856,0,26005
120568359,1,5262,4896,0,26005
120568367,1,5237,4940,0,25893
120568374,1,5214,4985,0,25885
120568382,1,5194,5032,0,25877
120568389,1,5175,5087,0,25813
120568397,1,5159,5150,0,25741
120568404,1,5145,5219,0,25741
120568412,1,5135,5282,0,25725
120568419,1,5129,5333,0,25725
120568427,1,5127,5370,0,25717
120568434,1,5126,5400,0,25717
120568442,1,5126,5436,0,25717
120568449,1,5126,5478,0,25725
120568457,1,5126,5527,0,25725
120568464,1,5126,5575,0,25725
120568472,1,5131,5623,0,25717
120568479,1,5139,5671,0,25709
120568487,1,5150,5720,0,25701
120568494,1,5163,5768,0,25693
120568502,1,5179,5816,0,25677
120568509,1,5197,5864,0,25677
120568517,1,5218,5912,0,25669
120568524,1,5241,5961,0,25661
120568532,1,5266,6009,0,25661
120568539,1,5293,6057,0,25653
120568547,1,5322,6105,0,25605
120568554,1,5353,6154,0,25605
120568562,1,5387,6202,0,25605
120568569,1,5423,6251,0,25597
120568577,1,5461,6301,0,25589
120568584,1,5501,6352,0,25541
120568592,1,5544,6402,0,25541
120568599,1,5588,6452,0,25533
120568607,1,5639,6508,0,25525
120568614,1,5699,6570,0,25477
120568622,1,5768,6637,0,25477
120568629,1,5839,6705,0,25485
120568637,1,5906,6765,0,25493
120568644,1,5970,6818,0,25509
120568652,1,6028,6864,0,25517
120568659,1,6088,6909,0,25525
120568667,1,6148,6955,0,25533
120568674,1,6210,7000,0,25541
120568682,1,6274,7045,0,25541
120568689,1,6340,7089,0,25541
120568697,1,6406,7133,0,25533
120568704,1,6471,7176,0,25533
120568712,1,6538,7218,0,25525
120568719,1,6604,7260,0,25525
120568727,1,6672,7301,0,25517
120568734,1,6742,7340,0,25517
120568742,1,6812,7379,0,25517
120568749,1,6883,7415,0,25517
120568757,1,6955,7450,0,25525
120568764,1,7028,7484,0,25525
120568772,1,7104,7517,0,25525
120568779,1,7179,7549,0,25517
120568787,1,7255,7579,0,25517
120568794,1,7330,7609,0,25517
120568802,1,7406,7637,0,25517
120568809,1,7482,7665,0,25533
120568817,1,7561,7691,0,25541
120568824,1,7639,7717,0,25613
120568832,1,7718,7742,0,25669
120568839,1,7797,7766,0,25669
120568847,1,7878,7789,0,25669
120568854,1,7957,7811,0,25653
120568862,1,8037,7831,0,25653
120568869,1,8117,7851,0,25653
120568877,1,8197,7869,0,25653
120568884,1,8279,7885,0,25653
120568892,1,8360,7902,0,25661
120568899,1,8442,7918,0,25669
120568907,1,8525,7934,0,25677
120568914,1,8608,7950,0,25677
120568922,1,8692,7966,0,25677
120568929,1,8775,7980,0,25677
120568937,1,8857,7994,0,25677
120568944,1,8939,8005,0,25661
120568952,1,9021,8015,0,25661
120568959,1,9103,8024,0,25661
120568967,1,9183,8030,0,25669
120568974,1,9263,8035,0,25677
120568982,1,9342,8038,0,25677
120568989,1,9420,8039,0,25669
120568997,1,9494,8039,0,25653
120569004,1,9566,8039,0,25581
120569012,1,9634,8039,0,25501
120569019,1,9699,8034,0,25413
120569027,1,9761,8026,0,25405
120569034,1,9820,8016,0,25341
120569042,1,9869,8006,0,25341
120569049,1,9909,7997,0,25277
120569057,1,9941,7988,0,25277
120569064,1,9971,7978,0,25269
120569072,1,10006,7964,0,25269
120569079,1,10045,7947,0,25173
120569087,1,10090,7925,0,25125
120569094,1,10132,7900,0,25117
120569102,1,10173,7874,0,25109
120569109,1,10213,7846,0,25101
120569117,1,10250,7817,0,25053
120569124,1,10286,7787,0,25053
120569132,1,10320,7756,0,25045
120569139,1,10352,7724,0,24981
120569147,1,10382,7691,0,24981
120569154,1,10411,7656,0,24981
120569162,1,10438,7620,0,24965
120569169,1,10463,7583,0,24917
120569177,1,10487,7543,0,24909
120569184,1,10509,7502,0,24853
120569192,1,10530,7459,0,24853
120569199,1,10549,7414,0,24845
120569207,1,10566,7368,0,24837
120569214,1,10581,7320,0,24837
120569222,1,10594,7271,0,24837
120569229,1,10605,7222,0,24837
120569237,1,10614,7166,0,24885
120569244,1,10619,7102,0,24885
120569252,1,10621,7031,0,24885
120569259,1,10621,6958,0,24893
120569267,1,10620,6891,0,24893
120569274,1,10610,6829,0,24893
120569282,1,10596,6773,0,24893
120569289,1,10580,6716,0,24901
120569297,1,10561,6657,0,24901
120569304,1,10540,6598,0,24909
120569312,1,10516,6538,0,24957
120569319,1,10489,6477,0,24973
120569327,1,10461,6416,0,24981
120569334,1,10430,6355,0,24989
120569342,1,10397,6293,0,25045
120569349,1,10362,6233,0,25045
120569357,1,10324,6173,0,25037
120569364,1,10284,6115,0,25037
120569372,1,10242,6057,0,25037
120569379,1,10199,6001,0,25029
120569387,1,10154,5947,0,25029
120569394,1,10109,5892,0,25021
120569402,1,10063,5839,0,25021
120569409,1,10017,5787,0,25021
120569417,1,9976,5742,0,25029
120569424,1,9942,5705,0,25037
120569432,1,9913,5675,0,25045
120569439,1,9883,5647,0,25133
120569447,1,9848,5614,0,25133
120569454,1,9808,5577,0,25133
120569462,1,9761,5537,0,25133
120569469,1,9715,5498,0,25141
120569477,1,9668,5462,0,25141
120569484,1,9622,5428,0,25141
120569492,1,9576,5395,0,25141
120569499,1,9529,5365,0,25189
120569507,1,9482,5335,0,25197
120569514,1,9434,5307,0,25213
120569522,1,9387,5280,0,25261
120569529,1,9340,5253,0,25269
120569537,1,9293,5227,0,25317
120569544,1,9248,5202,0,25325
120569552,1,9202,5178,0,25341
120569559,1,9157,5154,0,25397
120569567,1,9112,5131,0,25405
120569574,1,9068,5107,0,25445
120569582,1,9023,5082,0,25445
120569589,1,8979,5058,0,25437
120569597,1,8935,5033,0,25421
120569604,1,8891,5008,0,25421
120569612,1,8846,4983,0,25421
120569619,1,8801,4958,0,25421
120569627,1,8756,4933,0,25421
120569634,1,8709,4908,0,25429
120569642,1,8662,4884,0,25469
120569649,1,8615,4859,0,25469
120569657,1,8567,4835,0,25477
120569664,1,8519,4810,0,25485
120569672,1,8471,4786,0,25485
120569679,1,8422,4762,0,25477
120569687,1,8373,4738,0,25477
120569694,1,8317,4712,0,25477
120569702,1,8254,4684,0,25461
120569709,1,8183,4653,0,25461
120569717,1,8111,4623,0,25453
120569724,1,8044,4596,0,25437
120569732,1,7982,4573,0,25365
120569739,1,7924,4553,0,25357
120569747,1,7864,4534,0,25357
120569754,1,7804,4517,0,25357
120569762,1,7743,4501,0,25357
120569769,1,7683,4486,0,25365
120569777,1,7623,4473,0,25373
120569784,1,7563,4461,0,25381
120569792,1,7502,4450,0,25381
120569799,1,7440,4441,0,25365
120569807,1,7378,4433,0,25357
120569814,1,7316,4426,0,25285
120569822,1,7253,4420,0,25285
120569829,1,7189,4415,0,25277
120569837,1,7124,4411,0,25237
120569844,1,7057,4409,0,25237
120569852,1,6992,4408,0,25325
120569859,1,6927,4408,0,25325
120569867,1,6863,4408,0,25325
120569874,1,6801,4408,0,25405
120569882,1,6739,4412,0,25405
120569889,1,6678,4420,0,25413
120569897,1,6619,4430,0,25413
120569904,1,6561,4442,0,25461
120569912,1,6505,4457,0,25469
120569919,1,6448,4474,0,25469
120569927,1,6391,4493,0,25485
120569934,1,6335,4515,0,25533
120569942,1,6287,4534,0,25541
120569949,1,6247,4552,0,25549
120569957,1,6215,4567,0,25637
120569964,1,6185,4583,0,25645
120569972,1,6149,4603,0,25685
120569979,1,6108,4626,0,25693
120569987,1,6061,4652,0,25749
120569994,1,6016,4680,0,25749
120570002,1,5971,4709,0,25749
120570009,1,5928,4739,0,25749
120570017,1,5887,4770,0,25693
120570024,1,5848,4803,0,25685
120570032,1,5811,4836,0,25685
120570039,1,5777,4870,0,25677
120570047,1,5745,4905,0,25669
120570054,1,5716,4941,0,25661
120570062,1,5689,4978,0,25653
120570069,1,5664,5017,0,25581
120570077,1,5642,5057,0,25565
120570084,1,5621,5098,0,25517
120570092,1,5602,5140,0,25517
120570099,1,5585,5181,0,25469
120570107,1,5571,5221,0,25469
120570114,1,5560,5260,0,25421
120570122,1,5551,5298,0,25413
120570129,1,5543,5333,0,25413
120570137,1,5538,5367,0,25413
120570144,1,5534,5399,0,25413
120570152,1,5532,5430,0,25413
120570159,1,5531,5462,0,25413
120570167,1,5531,5494,0,25405
120570174,1,5531,5529,0,25389
120570182,1,5532,5566,0,25381
120570189,1,5539,5605,0,25365
120570197,1,5549,5646,0,25309
120570204,1,5561,5689,0,25301
120570212,1,5576,5733,0,25293
120570219,1,5593,5780,0,25285
120570227,1,5613,5827,0,25277
120570234,1,5638,5882,0,25269
120570242,1,5669,5945,0,25253
120570249,1,5706,6016,0,25205
120570257,1,5747,6088,0,25205
120570264,1,5788,6156,0,25205
120570272,1,5828,6219,0,25205
120570279,1,5867,6274,0,25205
120570287,1,5908,6328,0,25213
120570294,1,5950,6381,0,25213
120570302,1,5988,6426,0,25157
120570309,1,6023,6464,0,25149
120570317,1,6052,6494,0,25077
120570324,1,6082,6522,0,25069
120570332,1,6125,6561,0,25005
120570339,1,6183,6607,0,25005
120570347,1,6255,6661,0,25005
120570354,1,6329,6712,0,24941
120570362,1,6399,6756,0,24941
120570369,1,6462,6794,0,24925
120570377,1,6519,6827,0,24917
120570384,1,6576,6859,0,24917
120570392,1,6635,6891,0,24909
120570399,1,6695,6921,0,24917
120570407,1,6756,6950,0,24925
120570414,1,6818,6978,0,24925
120570422,1,6880,7004,0,24997
120570429,1,6944,7029,0,24997
120570437,1,7009,7053,0,24997
120570444,1,7075,7076,0,24949
120570452,1,7142,7097,0,24901
120570459,1,7208,7116,0,24885
120570467,1,7273,7133,0,24877
120570474,1,7338,7149,0,24869
120570482,1,7403,7162,0,24861
120570489,1,7466,7174,0,24845
120570497,1,7529,7186,0,24837
120570504,1,7592,7196,0,24821
120570512,1,7653,7205,0,24821
120570519,1,7715,7213,0,24813
120570527,1,7778,7220,0,24813
120570534,1,7840,7226,0,24813
120570542,1,7903,7230,0,24805
120570549,1,7965,7234,0,24797
120570557,1,8024,7236,0,24789
120570564,1,8083,7237,0,24733
120570572,1,8141,7237,0,24733
120570579,1,8198,7237,0,24733
120570587,1,8256,7237,0,24741
120570594,1,8313,7231,0,24741
120570602,1,8369,7223,0,24749
120570609,1,8424,7215,0,24749
120570617,1,8478,7205,0,24749
120570624,1,8531,7195,0,24709
120570632,1,8577,7187,0,24701
120570639,1,8616,7179,0,24701
120570647,1,8647,7172,0,24701
120570654,1,8678,7164,0,24685
120570662,1,8714,7154,0,24677
120570669,1,8755,7140,0,24669
120570677,1,8801,7124,0,24669
120570684,1,8844,7106,0,24669
120570692,1,8887,7086,0,24669
120570699,1,8928,7064,0,24653
120570707,1,8968,7040,0,24653
120570714,1,9007,7014,0,24637
120570722,1,9046,6985,0,24629
120570729,1,9083,6955,0,24613
120570737,1,9119,6924,0,24605
120570744,1,9153,6891,0,24589
120570752,1,9186,6858,0,24589
120570759,1,9217,6824,0,24573
120570767,1,9246,6791,0,24565
120570774,1,9274,6757,0,24565
120570782,1,9300,6722,0,24517
120570789,1,9325,6687,0,24517
120570797,1,9349,6650,0,24517
120570804,1,9372,6612,0,24525
120570812,1,9394,6573,0,24533
120570819,1,9414,6532,0,24541
120570827,1,9434,6491,0,24549
120570834,1,9452,6449,0,24549
120570842,1,9469,6407,0,24557
120570849,1,9486,6364,0,24597
120570857,1,9500,6322,0,24597
120570864,1,9513,6281,0,24597
120570872,1,9524,6240,0,24597
120570879,1,9532,6200,0,24597
120570887,1,9538,6161,0,24581
120570894,1,9542,6122,0,24509
120570902,1,9544,6084,0,24509
120570909,1,9544,6046,0,24501
120570917,1,9544,6010,0,24493
120570924,1,9544,5974,0,24445
120570932,1,9542,5939,0,24437
120570939,1,9535,5904,0,24437
120570947,1,9526,5869,0,24445
120570954,1,9517,5834,0,24445
120570962,1,9506,5798,0,24509
120570969,1,9493,5762,0,24501
120570977,1,9480,5726,0,24501
120570984,1,9465,5691,0,24501
120570992,1,9449,5657,0,24493
120570999,1,9432,5625,0,24493
120571007,1,9415,5595,0,24493
120571014,1,9397,5566,0,24549
120571022,1,9378,5539,0,24589
120571029,1,9358,5513,0,24589
120571037,1,9337,5488,0,24589
120571044,1,9315,5463,0,24533
120571052,1,9291,5439,0,24453
120571059,1,9267,5414,0,24453
120571067,1,9242,5388,0,24461
120571074,1,9216,5362,0,24469
120571082,1,9190,5336,0,24477
120571089,1,9163,5310,0,24533
120571097,1,9135,5283,0,24533
120571104,1,9107,5257,0,24533
120571112,1,9078,5231,0,24533
120571119,1,9049,5204,0,24525
120571127,1,9019,5178,0,24533
120571134,1,8988,5151,0,24557
120571142,1,8956,5123,0,24565
120571149,1,8924,5094,0,24565
120571157,1,8892,5063,0,24613
120571164,1,8859,5032,0,24613
120571172,1,8826,5000,0,24613
120571179,1,8791,4967,0,24621
120571187,1,8756,4934,0,24669
120571194,1,8719,4901,0,24693
120571202,1,8681,4869,0,24741
120571209,1,8643,4837,0,24781
120571217,1,8605,4806,0,24877
120571224,1,8566,4776,0,24933
120571232,1,8527,4747,0,24949
120571239,1,8488,4719,0,25013
120571247,1,8448,4693,0,25013
120571254,1,8408,4667,0,25013
120571262,1,8368,4642,0,24917
120571269,1,8327,4618,0,24869
120571277,1,8285,4595,0,24853
120571284,1,8242,4573,0,24853
120571292,1,8197,4551,0,24781
120571299,1,8152,4530,0,24773
120571307,1,8104,4510,0,24757
120571314,1,8049,4489,0,24685
120571322,1,7983,4465,0,24685
120571329,1,7907,4440,0,24645
120571337,1,7829,4416,0,24637
120571344,1,7755,4396,0,24629
120571352,1,7688,4379,0,24629
120571359,1,7628,4366,0,24629
120571367,1,7569,4356,0,24637
120571374,1,7508,4347,0,24645
120571382,1,7447,4339,0,24645
120571389,1,7387,4333,0,24645
120571397,1,7326,4327,0,24597
120571404,1,7265,4321,0,24589
120571412,1,7202,4317,0,24501
120571419,1,7136,4314,0,24453
120571427,1,7070,4312,0,24365
120571434,1,7003,4311,0,24349
120571442,1,6937,4311,0,24341
120571449,1,6872,4311,0,24293
120571457,1,6807,4311,0,24285
120571464,1,6743,4313,0,24285
120571472,1,6680,4320,0,24285
120571479,1,6619,4329,0,24317
120571487,1,6561,4339,0,24333
120571494,1,6504,4350,0,24365
120571502,1,6448,4362,0,24413
120571509,1,6393,4376,0,24421
120571517,1,6338,4392,0,24421
120571524,1,6283,4409,0,24429
120571532,1,6230,4429,0,24437
120571539,1,6184,4447,0,24485
120571547,1,6147,4464,0,24485
120571554,1,6116,4480,0,24493
120571562,1,6087,4495,0,24501
120571569,1,6053,4515,0,24509
120571577,1,6014,4538,0,24557
120571584,1,5970,4565,0,24605
120571592,1,5929,4593,0,24645
120571599,1,5889,4620,0,24645
120571607,1,5851,4648,0,24637
120571614,1,5815,4676,0,24637
120571622,1,5780,4704,0,24637
120571629,1,5748,4734,0,24637
120571637,1,5717,4764,0,24637
120571644,1,5688,4795,0,24637
120571652,1,5659,4827,0,24645
120571659,1,5632,4859,0,24653
120571667,1,5606,4892,0,24709
120571674,1,5582,4924,0,24717
120571682,1,5559,4957,0,24725
120571689,1,5538,4989,0,24797
120571697,1,5519,5022,0,24797
120571704,1,5502,5055,0,24845
120571712,1,5486,5088,0,24845
120571719,1,5471,5122,0,24797
120571727,1,5458,5155,0,24797
120571734,1,5446,5188,0,24805
120571742,1,5437,5221,0,24813
120571749,1,5429,5254,0,24821
120571757,1,5423,5287,0,24829
120571764,1,5418,5322,0,24845
120571772,1,5415,5357,0,24901
120571779,1,5414,5394,0,24901
120571787,1,5414,5432,0,24901
120571794,1,5414,5471,0,24965
120571802,1,5414,5510,0,24965
120571809,1,5417,5548,0,24917
120571817,1,5424,5586,0,24901
120571824,1,5434,5623,0,24893
120571832,1,5445,5660,0,24877
120571839,1,5458,5697,0,24869
120571847,1,5474,5735,0,24797
120571854,1,5493,5775,0,24797
120571862,1,5514,5817,0,24789
120571869,1,5537,5861,0,24781
120571877,1,5563,5908,0,24781
120571884,1,5591,5955,0,24845
120571892,1,5619,6004,0,24845
120571899,1,5648,6052,0,24845
120571907,1,5678,6099,0,24845
120571914,1,5708,6145,0,24845
120571922,1,5740,6189,0,24909
120571929,1,5772,6232,0,24909
120571937,1,5806,6272,0,24981
120571944,1,5842,6311,0,24981
120571952,1,5878,6349,0,24965
120571959,1,5917,6385,0,24965
120571967,1,5956,6420,0,24973
120571974,1,5997,6454,0,24973
120571982,1,6038,6487,0,24981
120571989,1,6080,6519,0,24973
120571997,1,6122,6550,0,24973
120572004,1,6164,6581,0,24973
120572012,1,6206,6611,0,24973
120572019,1,6248,6639,0,24973
120572027,1,6291,6666,0,24973
120572034,1,6335,6691,0,24973
120572042,1,6378,6715,0,24981
120572049,1,6420,6738,0,24981
120572057,1,6462,6759,0,24981
120572064,1,6504,6780,0,24989
120572072,1,6546,6799,0,24997
120572079,1,6588,6817,0,25005
120572087,1,6630,6834,0,25053
120572094,1,6672,6851,0,25061
120572102,1,6714,6867,0,25061
120572109,1,6756,6882,0,25061
120572117,1,6798,6896,0,25133
120572124,1,6840,6909,0,25133
120572132,1,6881,6922,0,25093
120572139,1,6923,6934,0,25093
120572147,1,6966,6946,0,25093
120572154,1,7008,6958,0,25093
120572162,1,7052,6969,0,25101
120572169,1,7096,6979,0,25101
120572177,1,7140,6989,0,25093
120572184,1,7185,6999,0,25093
120572192,1,7228,7008,0,25085
120572199,1,7271,7017,0,25093
120572207,1,7315,7025,0,25101
120572214,1,7359,7033,0,25109
120572222,1,7403,7040,0,25125
120572229,1,7449,7047,0,25125
120572237,1,7496,7053,0,25133
120572244,1,7543,7059,0,25141
120572252,1,7592,7064,0,25237
120572259,1,7642,7069,0,25245
120572267,1,7692,7075,0,25245
120572274,1,7749,7080,0,25237
120572282,1,7813,7086,0,25237
120572289,1,7885,7091,0,25229
120572297,1,7957,7094,0,25229
120572304,1,8024,7096,0,25229
120572312,1,8083,7097,0,25229
120572319,1,8137,7097,0,25245
120572327,1,8191,7097,0,25253
120572334,1,8246,7097,0,25253
120572342,1,8302,7097,0,25309
120572349,1,8357,7097,0,25325
120572357,1,8413,7097,0,25397
120572364,1,8469,7094,0,25405
120572372,1,8526,7090,0,25469
120572379,1,8584,7086,0,25477
120572387,1,8643,7083,0,25485
120572394,1,8702,7080,0,25501
120572402,1,8761,7076,0,25549
120572409,1,8819,7073,0,25557
120572417,1,8876,7070,0,25565
120572424,1,8933,7066,0,25637
120572432,1,8990,7063,0,25645
120572439,1,9048,7059,0,25653
120572447,1,9107,7055,0,25661
120572454,1,9167,7053,0,25733
120572462,1,9229,7050,0,25749
120572469,1,9292,7048,0,25853
120572477,1,9356,7046,0,25853
120572484,1,9422,7043,0,25853
120572492,1,9489,7042,0,25853
120572499,1,9554,7041,0,25853
120572507,1,9620,7040,0,25853
120572514,1,9686,7040,0,25861
120572522,1,9752,7040,0,25869
120572529,1,9819,7040,0,25869
120572537,1,9887,7040,0,25877
120572544,1,9955,7039,0,25925
120572552,1,10024,7038,0,25925
120572559,1,10093,7036,0,25933
120572567,1,10163,7033,0,25933
120572574,1,10233,7030,0,25933
120572582,1,10303,7024,0,25933
120572589,1,10370,7017,0,25933
120572597,1,10438,7006,0,25941
120572604,1,10503,6992,0,25941
120572612,1,10569,6976,0,25941
120572619,1,10635,6956,0,25941
120572627,1,10698,6934,0,25949
120572634,1,10760,6910,0,25965
120572642,1,10820,6884,0,25965
120572649,1,10878,6857,0,25973
120572657,1,10927,6832,0,25981
120572664,1,10967,6811,0,25989
120572672,1,10999,6793,0,25989
120572679,1,11029,6775,0,25989
120572687,1,11063,6753,0,25989
120572694,1,11102,6727,0,25997
120572702,1,11144,6698,0,26053
120572709,1,11183,6669,0,26061
120572717,1,11220,6640,0,26109
120572724,1,11255,6612,0,26109
120572732,1,11288,6583,0,26157
120572739,1,11319,6554,0,26205
120572747,1,11349,6525,0,26205
120572754,1,11377,6496,0,26213
120572762,1,11403,6467,0,26261
120572769,1,11428,6439,0,26269
120572777,1,11451,6411,0,26269
120572784,1,11472,6385,0,26277
120572792,1,11491,6359,0,26349
120572799,1,11509,6336,0,26357
120572807,1,11526,6313,0,26357
120572814,1,11541,6292,0,26349
120572822,1,11557,6270,0,26349
120572829,1,11572,6247,0,26349
120572837,1,11587,6222,0,26349
120572844,1,11602,6194,0,26349
120572852,1,11618,6162,0,26349
120572859,1,11634,6127,0,26349
120572867,1,11650,6086,0,26349
120572874,1,11666,6035,0,26365
120572882,1,11682,5974,0,26373
120572889,1,11696,5900,0,26381
120572897,1,11707,5823,0,26389
120572904,1,11714,5751,0,26437
120572912,1,11716,5686,0,26445
120572919,1,11716,5638,0,26493
120572927,1,11716,5601,0,26501
120572934,1,11716,5575,0,26549
120572942,1,11713,5553,0,26613
120572949,1,11707,5531,0,26717
120572957,1,11699,5507,0,26813
120572964,1,11689,5480,0,26821
120572972,1,11676,5455,0,26821
120572979,1,11662,5430,0,26829
120572987,1,11645,5405,0,26893
120572994,1,11628,5378,0,26893
120573002,1,11609,5351,0,26933
120573009,1,11589,5322,0,26941
120573017,1,11568,5292,0,26941
120573024,1,11547,5261,0,26941
120573032,1,11526,5229,0,26941
120573039,1,11503,5195,0,26941
120573047,1,11480,5160,0,26949
120573054,1,11456,5124,0,26997
120573062,1,11431,5087,0,26997
120573069,1,11405,5049,0,26989
120573077,1,11378,5011,0,26981
120573084,1,11349,4973,0,26941
120573092,1,11319,4936,0,26941
120573099,1,11288,4900,0,26941
120573107,1,11255,4864,0,26981
120573114,1,11220,4829,0,26981
120573122,1,11183,4795,0,26981
120573129,1,11144,4761,0,26989
120573137,1,11104,4726,0,26989
120573144,1,11061,4691,0,26989
120573152,1,11016,4655,0,27029
120573159,1,10969,4617,0,27029
120573167,1,10914,4572,0,27029
120573174,1,10850,4521,0,27037
120573182,1,10776,4464,0,27045
120573189,1,10701,4407,0,27053
120573197,1,10631,4356,0,27069
120573204,1,10566,4309,0,27077
120573212,1,10507,4267,0,27077
120573219,1,10446,4225,0,27069
120573227,1,10384,4184,0,27061
120573234,1,10320,4144,0,27021
120573242,1,10254,4105,0,27021
120573249,1,10187,4067,0,27021
120573257,1,10119,4030,0,26997
120573264,1,10050,3995,0,26989
120573272,1,9981,3962,0,26989
120573279,1,9910,3931,0,26981
120573287,1,9837,3901,0,26981
120573294,1,9765,3872,0,26925
120573302,1,9691,3845,0,26853
120573309,1,9616,3817,0,26789
120573317,1,9540,3790,0,26789
120573324,1,9464,3764,0,26741
120573332,1,9388,3738,0,26741
120573339,1,9311,3711,0,26741
120573347,1,9235,3684,0,26749
120573354,1,9160,3659,0,26757
120573362,1,9085,3633,0,26805
120573369,1,9011,3611,0,26805
120573377,1,8939,3590,0,26805
120573384,1,8867,3571,0,26797
120573392,1,8796,3556,0,26781
120573399,1,8727,3542,0,26773
120573407,1,8658,3532,0,26629
120573414,1,8591,3524,0,26581
120573422,1,8526,3519,0,26509
120573429,1,8462,3517,0,26429
120573437,1,8399,3517,0,26429
120573444,1,8339,3519,0,26365
120573452,1,8279,3529,0,26317
120573459,1,8221,3543,0,26269
120573467,1,8165,3559,0,26261
120573474,1,8116,3575,0,26253
120573482,1,8076,3589,0,26189
120573489,1,8031,3608,0,26189
120573497,1,7994,3624,0,26189
120573504,1,7956,3640,0,26197
120573512,1,7913,3660,0,26197
120573519,1,7876,3678,0,26197
120573527,1,7834,3700,0,26213
120573534,1,7786,3726,0,26213
120573542,1,7739,3753,0,26221
120573549,1,7693,3782,0,26221
120573557,1,7646,3812,0,26269
120573564,1,7600,3844,0,26269
120573572,1,7554,3876,0,26261
120573579,1,7509,3909,0,26245
120573587,1,7465,3942,0,26245
120573594,1,7422,3975,0,26173
120573602,1,7381,4007,0,26165
120573609,1,7340,4039,0,26157
120573617,1,7300,4069,0,26149
120573624,1,7260,4099,0,26141
120573632,1,7220,4128,0,26141
120573639,1,7180,4158,0,26133
120573647,1,7139,4188,0,26093
120573654,1,7097,4219,0,26085
120573662,1,7055,4251,0,26085
120573669,1,7013,4285,0,26037
120573677,1,6969,4320,0,25965
120573684,1,6926,4357,0,25957
120573692,1,6882,4395,0,25893
120573699,1,6839,4434,0,25885
120573707,1,6798,4473,0,25877
120573714,1,6758,4512,0,25877
120573722,1,6721,4550,0,25869
120573729,1,6686,4587,0,25861
120573737,1,6654,4623,0,25861
120573744,1,6624,4660,0,25861
120573752,1,6596,4696,0,25861
120573759,1,6569,4734,0,25861
120573767,1,6544,4773,0,25861
120573774,1,6520,4815,0,25813
120573782,1,6495,4864,0,25749
120573789,1,6474,4910,0,25741
120573797,1,6454,4958,0,25733
120573804,1,6435,5008,0,25725
120573812,1,6421,5051,0,25693
120573819,1,6405,5101,0,25693
120573827,1,6392,5150,0,25701
120573834,1,6380,5198,0,25701
120573842,1,6370,5245,0,25709
120573849,1,6362,5291,0,25709
120573857,1,6355,5335,0,25717
120573864,1,6350,5377,0,25773
120573872,1,6347,5418,0,25773
120573879,1,6345,5459,0,25773
120573887,1,6345,5498,0,25765
120573894,1,6345,5536,0,25773
120573902,1,6345,5573,0,25765
120573909,1,6345,5610,0,25765
120573917,1,6349,5645,0,25765
120573924,1,6356,5679,0,25773
120573932,1,6363,5712,0,25773
120573939,1,6373,5745,0,25773
120573947,1,6383,5777,0,25773
120573954,1,6395,5808,0,25781
120573962,1,6408,5837,0,25781
120573969,1,6422,5865,0,25781
120573977,1,6437,5893,0,25733
120573984,1,6452,5920,0,25733
120573992,1,6468,5946,0,25725
120573999,1,6485,5972,0,25717
120574007,1,6502,5997,0,25717
120574014,1,6519,6021,0,25709
120574022,1,6536,6044,0,25653
120574029,1,6553,6065,0,25613
120574037,1,6569,6084,0,25605
120574044,1,6585,6102,0,25565
120574052,1,6599,6118,0,25517
120574059,1,6613,6131,0,25333
120574067,1,6626,6143,0,25093
120574074,1,6638,6153,0,24757
120574082,1,6650,6162,0,24293
120574089,1,6660,6169,0,23829
120574097,1,6669,6175,0,23276
120574104,1,6676,6180,0,22596
120574112,1,6682,6183,0,21844
120574119,1,6687,6185,0,21172
120574127,1,6692,6187,0,20388
120574134,1,6696,6187,0,19452
120574142,1,6699,6187,0,18355
120574149,1,6703,6187,0,17203
120574157,1,6706,6188,0,15651
120574164,1,6708,6188,0,13914
120574172,1,6710,6189,0,11882
120574179,1,6712,6191,0,10058
120574187,1,6713,6193,0,8425
120574194,1,6714,6195,0,7049
120574202,1,6716,6200,0,5545
120574209,1,6718,6204,0,3848
120574217,1,6720,6207,0,1160
120574224,0,6720,6207,0,0
120574232,0,6723,6210,0,0
120574239,0,6725,6210,24,0
120574247,0,6727,6210,48,0
120574254,0,6729,6210,72,0
120574262,0,6730,6210,124,0
120574269,0,6731,6211,172,0
120574277,0,6734,6212,220,0
120574284,0,6735,6213,272,0
120574292,0,6736,6214,349,0
120574299,0,6739,6217,397,0
120574307,0,6741,6220,445,0
120574314,0,6742,6223,521,0
120574322,0,6745,6229,545,0
120574329,0,6747,6232,597,0
120574337,0,6750,6239,645,0
120574344,0,6754,6246,669,0
120574352,0,6757,6251,698,0
120574359,0,6761,6260,722,0
120574367,0,6767,6269,722,0
120574374,0,6772,6280,746,0
120574382,0,6776,6285,770,0
120574389,0,6783,6296,770,0
120574397,0,6790,6306,798,0
120574404,0,6797,6317,798,0
120574412,0,6806,6328,822,0
120574419,0,6815,6339,822,0
120574427,0,6825,6351,822,0
120574434,0,6835,6362,822,0
120574442,0,6847,6374,822,0
120574449,0,6859,6385,822,0
120574457,0,6872,6396,822,0
120574464,0,6885,6408,822,0
120574472,0,6899,6419,822,0
120574479,0,6914,6431,798,0
120574487,0,6929,6442,798,0
120574494,0,6945,6454,798,0
120574502,0,6961,6465,770,0
120574509,0,6977,6476,770,0
120574517,0,7002,6492,746,0
120574524,0,7019,6503,746,0
120574532,0,7036,6512,722,0
120574539,0,7053,6521,698,0
120574547,0,7069,6530,698,0
120574554,0,7095,6542,669,0
120574562,0,7111,6548,669,0
120574569,0,7128,6554,645,0
120574577,0,7145,6559,645,0
120574584,0,7171,6563,621,0
120574592,0,7179,6567,621,0
120574599,0,7205,6571,597,0
120574607,0,7232,6574,597,0
120574614,0,7259,6577,597,0
120574622,0,7287,6580,597,0
120574629,0,7315,6584,573,0
120574637,0,7344,6586,573,0
120574644,0,7376,6589,573,0
120574652,0,7398,6592,573,0
120574659,0,7420,6595,573,0
120574667,0,7443,6598,545,0
120574674,0,7467,6601,545,0
120574682,0,7491,6605,545,0
120574689,0,7516,6609,521,0
120574697,0,7543,6614,521,0
120574704,0,7570,6621,497,0
120574712,0,7599,6626,497,0
120574719,0,7629,6632,473,0
120574727,0,7660,6639,445,0
120574734,0,7691,6645,445,0
120574742,0,7723,6656,421,0
120574749,0,7756,6663,421,0
120574757,0,7789,6670,397,0
120574764,0,7823,6677,397,0
120574772,0,7856,6685,373,0
120574779,0,7890,6692,373,0
120574787,0,7924,6699,373,0
120574794,0,7958,6707,373,0
120574802,0,7992,6715,373,0
120574809,0,8026,6722,373,0
120574817,0,8059,6730,373,0
120574824,0,8093,6737,373,0
120574832,0,8127,6744,373,0
120574839,0,8161,6751,373,0
120574847,0,8195,6757,373,0
120574854,0,8230,6763,397,0
120574862,0,8265,6768,397,0
120574869,0,8300,6773,397,0
120574877,0,8335,6778,373,0
120574884,0,8370,6781,373,0
120574892,0,8406,6785,373,0
120574899,0,8442,6788,349,0
120574907,0,8478,6791,349,0
120574914,0,8514,6793,349,0
120574922,0,8551,6796,320,0
120574929,0,8588,6798,320,0
120574937,0,8625,6800,320,0
120574944,0,8662,6801,320,0
120574952,0,8700,6803,320,0
120574959,0,8737,6805,320,0
120574967,0,8774,6807,320,0
120574974,0,8810,6809,320,0
120574982,0,8846,6811,320,0
120574989,0,8882,6813,320,0
120574997,0,8918,6815,320,0
120575004,0,8954,6818,320,0
120575012,0,8991,6819,349,0
120575019,0,9028,6822,349,0
120575027,0,9066,6825,320,0
120575034,0,9104,6828,320,0
120575042,0,9142,6830,296,0
120575049,0,9181,6832,272,0
120575057,0,9220,6835,272,0
120575064,0,9259,6836,272,0
120575072,0,9299,6839,248,0
120575079,0,9338,6841,248,0
120575087,0,9382,6842,248,0
120575094,0,9427,6842,220,0
120575102,0,9471,6843,220,0
120575109,0,9514,6843,196,0
120575117,0,9552,6843,196,0
120575124,0,9590,6843,172,0
120575132,0,9627,6843,172,0
120575139,0,9664,6843,148,0
120575147,0,9701,6842,148,0
120575154,0,9739,6837,124,0
120575162,0,9777,6831,124,0
120575169,0,9815,6819,124,0
120575177,0,9853,6810,124,0
120575184,0,9891,6800,124,0
120575192,0,9930,6789,96,0
120575199,0,9968,6778,72,0
120575207,0,10008,6768,72,0
120575214,0,10048,6758,72,0
120575222,0,10088,6749,72,0
120575229,0,10130,6741,72,0
120575237,0,10173,6734,72,0
120575244,0,10216,6730,72,0
120575252,0,10259,6727,72,0
120575259,0,10303,6727,96,0
120575267,0,10346,6727,124,0
120575274,0,10389,6727,148,0
120575282,0,10432,6727,172,0
120575289,0,10470,6727,196,0
120575297,0,10508,6730,220,0
120575304,0,10546,6735,248,0
120575312,0,10584,6738,272,0
120575319,0,10628,6744,296,0
120575327,0,10672,6751,296,0
120575334,0,10717,6759,296,0
120575342,0,10762,6767,296,0
120575349,0,10807,6775,296,0
120575357,0,10852,6783,296,0
120575364,0,10898,6791,296,0
120575372,0,10943,6799,296,0
120575379,0,10989,6806,272,0
120575387,0,11034,6812,272,0
120575394,0,11078,6818,272,0
120575402,0,11122,6822,272,0
120575409,0,11165,6828,248,0
120575417,0,11207,6830,248,0
120575424,0,11248,6832,248,0
120575432,0,11294,6833,220,0
120575439,0,11339,6834,220,0
120575447,0,11379,6834,220,0
120575454,0,11423,6834,196,0
120575462,0,11461,6834,196,0
120575469,0,11498,6834,172,0
120575477,0,11539,6834,148,0
120575484,0,11574,6834,148,0
120575492,0,11608,6835,124,0
120575499,0,11641,6836,124,0
120575507,0,11672,6838,124,0
120575514,0,11703,6841,124,0
120575522,0,11732,6843,124,0
120575529,0,11759,6846,124,0
120575537,0,11785,6849,124,0
120575544,0,11808,6852,124,0
120575552,0,11829,6856,124,0
120575559,0,11848,6859,124,0
120575567,0,11864,6862,148,0
120575574,0,11877,6866,148,0
120575582,0,11886,6868,148,0
120575589,0,11889,6871,148,0
120575597,0,11893,6872,148,0
120575604,0,11894,6872,148,0
120575612,0,11894,6872,172,0
120575619,0,11894,6872,172,0
120575627,0,11879,6872,172,0
120575634,0,11862,6868,172,0
120575642,0,11842,6857,172,0
120575649,0,11818,6842,172,0
120575657,0,11790,6830,172,0
120575664,0,11758,6816,172,0
120575672,0,11723,6801,196,0
120575679,0,11685,6785,196,0
120575687,0,11650,6770,196,0
120575694,0,11606,6761,220,0
120575702,0,11554,6731,220,0
120575709,0,11493,6707,196,0
120575717,0,11416,6678,172,0
120575724,0,11336,6646,148,0
120575732,0,11259,6617,148,0
120575739,0,11187,6589,124,0
120575747,0,11120,6564,96,0
120575754,0,11057,6542,96,0
120575762,0,10992,6521,96,0
120575769,0,10926,6500,96,0
120575777,0,10860,6480,96,0
120575784,0,10795,6460,124,0
120575792,0,10731,6440,124,0
120575799,0,10668,6422,124,0
120575807,0,10605,6406,124,0
120575814,0,10543,6391,96,0
120575822,0,10481,6378,72,0
120575829,0,10419,6366,72,0
120575837,0,10356,6355,72,0
120575844,0,10293,6344,72,0
120575852,0,10228,6333,96,0
120575859,0,10163,6323,96,0
120575867,0,10099,6313,124,0
120575874,0,10036,6304,148,0
120575882,0,9974,6294,172,0
120575889,0,9912,6290,172,0
120575897,0,9851,6286,172,0
120575904,0,9790,6277,172,0
120575912,0,9729,6269,172,0
120575919,0,9668,6259,148,0
120575927,0,9606,6253,148,0
120575934,0,9543,6248,148,0
120575942,0,9479,6246,172,0
120575949,0,9414,6243,172,0
120575957,0,9350,6241,196,0
120575964,0,9285,6240,196,0
120575972,0,9222,6240,220,0
120575979,0,9159,6240,248,0
120575987,0,9097,6240,272,0
120575994,0,9036,6239,272,0
120576002,0,8975,6239,248,0
120576009,0,8914,6237,248,0
120576017,0,8852,6234,248,0
120576024,0,8787,6230,248,0
120576032,0,8721,6228,272,0
120576039,0,8652,6222,272,0
120576047,0,8581,6216,296,0
120576054,0,8510,6210,320,0
120576062,0,8438,6207,373,0
120576069,0,8365,6201,373,0
120576077,0,8292,6196,397,0
120576084,0,8219,6190,397,0
120576092,0,8145,6184,397,0
120576099,0,8072,6179,397,0
120576107,0,7996,6173,397,0
120576114,0,7919,6166,397,0
120576122,0,7840,6159,421,0
120576129,0,7759,6151,421,0
120576137,0,7680,6138,445,0
120576144,0,7600,6132,473,0
120576152,0,7520,6126,497,0
120576159,0,7441,6109,497,0
120576167,0,7363,6103,497,0
120576174,0,7285,6084,497,0
120576182,0,7205,6077,497,0
120576189,0,7123,6064,497,0
120576197,0,7041,6057,521,0
120576204,0,6959,6044,521,0
120576212,0,6881,6031,545,0
120576219,0,6804,6017,545,0
120576227,0,6729,6004,521,0
120576234,0,6656,5984,521,0
120576242,0,6584,5970,497,0
120576249,0,6513,5957,473,0
120576257,0,6441,5944,473,0
120576264,0,6368,5932,473,0
120576272,0,6295,5920,473,0
120576279,0,6222,5908,473,0
120576287,0,6151,5897,473,0
120576294,0,6083,5886,473,0
120576302,0,6017,5875,473,0
120576309,0,5953,5864,445,0
120576317,0,5891,5848,421,0
120576324,0,5831,5832,397,0
120576332,0,5772,5814,373,0
120576339,0,5714,5795,349,0
120576347,0,5657,5774,349,0
120576354,0,5599,5760,349,0
120576362,0,5542,5746,349,0
120576369,0,5483,5731,349,0
120576377,0,5426,5717,349,0
120576384,0,5371,5702,349,0
120576392,0,5325,5690,349,0
120576399,0,5286,5685,373,0
120576407,0,5256,5681,373,0
120576414,0,5232,5677,373,0
120576422,0,5209,5673,349,0
120576429,0,5181,5663,349,0
120576437,0,5147,5649,349,0
120576444,0,5109,5633,349,0
120576452,0,5066,5613,349,0
120576459,0,5025,5588,349,0
120576467,0,4986,5570,373,0
120576474,0,4947,5551,373,0
120576482,0,4910,5530,397,0
120576489,0,4874,5507,397,0
120576497,0,4838,5482,421,0
120576504,0,4804,5456,421,0
120576512,0,4771,5426,445,0
120576519,0,4740,5395,445,0
120576527,0,4710,5360,473,0
120576534,0,4683,5323,473,0
120576542,0,4658,5283,473,0
120576549,0,4635,5240,497,0
120576557,0,4612,5189,497,0
120576564,0,4590,5128,497,0
120576572,0,4569,5057,497,0
120576579,0,4569,4975,521,0
120576587,0,4566,4889,521,0
120576594,0,4561,4808,521,0
120576602,0,4557,4735,521,0
120576609,0,4555,4671,521,0
120576617,0,4541,4616,497,0
120576624,0,4538,4562,473,0
120576632,0,4538,4508,473,0
120576639,0,4538,4453,445,0
120576647,0,4549,4400,421,0
120576654,0,4567,4345,397,0
120576662,0,4591,4291,397,0
120576669,0,4618,4235,373,0
120576677,0,4639,4179,373,0
120576684,0,4662,4124,349,0
120576692,0,4687,4070,320,0
120576699,0,4715,4018,320,0
120576707,0,4739,3973,320,0
120576714,0,4761,3935,296,0
120576722,0,4780,3906,272,0
120576729,0,4795,3884,272,0
120576737,0,4815,3857,248,0
120576744,0,4838,3825,220,0
120576752,0,4865,3788,220,0
120576759,0,4897,3747,196,0
120576767,0,4928,3707,196,0
120576774,0,4960,3668,196,0
120576782,0,4992,3630,196,0
120576789,0,5021,3598,220,0
120576797,0,5050,3567,220,0
120576804,0,5080,3536,248,0
120576812,0,5111,3506,272,0
120576819,0,5147,3471,272,0
120576827,0,5184,3438,272,0
120576834,0,5221,3404,296,0
120576842,0,5259,3370,296,0
120576849,0,5297,3338,296,0
120576857,0,5336,3305,296,0
120576864,0,5376,3275,296,0
120576872,0,5417,3246,320,0
120576879,0,5458,3218,320,0
120576887,0,5501,3194,320,0
120576894,0,5544,3171,320,0
120576902,0,5588,3150,320,0
120576909,0,5632,3130,320,0
120576917,0,5676,3112,320,0
120576924,0,5721,3095,320,0
120576932,0,5766,3080,320,0
120576939,0,5812,3065,320,0
120576947,0,5865,3051,349,0
120576954,0,5913,3040,320,0
120576962,0,5963,3036,320,0
120576969,0,6020,3031,296,0
120576977,0,6079,3028,272,0
120576984,0,6154,3016,248,0
120576992,0,6238,3014,220,0
120576999,0,6325,3014,220,0
120577007,0,6407,3014,196,0
120577014,0,6482,3023,196,0
120577022,0,6552,3036,196,0
120577029,0,6616,3052,196,0
120577037,0,6683,3069,196,0
120577044,0,6752,3089,220,0
120577052,0,6823,3110,220,0
120577059,0,6897,3133,220,0
120577067,0,6973,3157,196,0
120577074,0,7052,3182,148,0
120577082,0,7132,3209,96,0
120577089,0,7212,3237,72,0
120577097,0,7292,3267,72,0
120577104,0,7372,3298,48,0
120577112,0,7454,3331,48,0
120577119,0,7580,3382,24,0
120577127,0,7707,3434,0,0
120577134,0,7836,3488,0,0
120577142,0,7965,3541,0,0
120577149,0,8050,3577,0,0
120577157,0,8134,3614,0,0
120577164,0,8216,3650,0,0
120577172,0,8299,3686,20,0
120577179,0,8381,3722,20,0
120577187,0,8452,3753,20,0
120577194,0,8532,3789,0,0
120577222,1,8612,3826,0,184
120577229,1,8691,3864,0,432
120577237,1,8760,3898,0,432
120577244,0,8760,3898,0,0
120577252,0,8861,3955,0,0
120577259,0,8911,3987,0,0
120577267,0,8977,4029,0,0
120577274,0,9049,4077,20,0
120577282,0,9109,4121,44,0
120577289,0,9158,4160,44,0
120577297,0,9198,4196,44,0
120577304,0,9241,4240,44,0
120577312,0,9284,4292,20,0
120577319,0,9328,4354,44,0
120577327,0,9373,4425,68,0
120577334,0,9406,4492,116,0
120577342,0,9428,4554,164,0
120577349,0,9447,4618,212,0
120577357,0,9462,4684,260,0
120577364,0,9467,4751,284,0
120577372,0,9471,4819,332,0
120577379,0,9475,4887,353,0
120577387,0,9476,4954,377,0
120577394,0,9481,5019,425,0
120577402,0,9481,5082,449,0
120577409,0,9481,5143,497,0
120577417,0,9481,5202,545,0
120577424,0,9479,5258,569,0
120577432,0,9468,5314,617,0
120577439,0,9449,5369,665,0
120577447,0,9423,5424,686,0
120577454,0,9392,5480,710,0
120577462,0,9356,5537,734,0
120577469,0,9317,5594,734,0
120577477,0,9289,5650,734,0
120577484,0,9262,5706,758,0
120577492,0,9238,5754,758,0
120577499,0,9238,5793,758,0
120577507,0,9238,5824,758,0
120577514,0,9240,5848,782,0
120577522,0,9239,5871,782,0
120577529,0,9231,5894,782,0
120577537,0,9221,5922,782,0
120577544,0,9189,5955,758,0
120577552,0,9159,5993,758,0
120577559,0,9130,6035,758,0
120577567,0,9099,6076,734,0
120577574,0,9064,6116,734,0
120577582,0,9023,6154,710,0
120577589,0,8980,6191,686,0
120577597,0,8934,6231,665,0
120577604,0,8886,6269,641,0
120577612,0,8853,6306,617,0
120577619,0,8820,6342,593,0
120577627,0,8790,6372,545,0
120577634,0,8760,6402,497,0
120577642,0,8730,6431,473,0
120577649,0,8700,6460,425,0
120577657,0,8671,6489,353,0
120577664,0,8639,6521,308,0
120577672,0,8610,6552,212,0
120577679,0,8579,6590,140,0
120577687,0,8554,6621,68,0
120577694,0,8537,6642,0,0
120577695,1,8523,6655,0,12466
120577702,1,8523,6655,0,20724
120577710,1,8523,6655,0,22628
120577717,1,8523,6655,0,22644
120577725,1,8447,6657,0,23108
120577732,1,8421,6659,0,23733
120577740,1,8394,6662,0,24237
120577747,1,8367,6666,0,24541
120577755,1,8340,6670,0,24557
120577762,1,8311,6674,0,24709
120577770,1,8280,6678,0,24973
120577777,1,8246,6683,0,25397
120577785,1,8211,6687,0,25693
120577792,1,8173,6689,0,25933
120577800,1,8134,6689,0,26221
120577807,1,8096,6689,0,26597
120577815,1,8057,6689,0,26773
120577822,1,8019,6683,0,27069
120577830,1,7982,6675,0,27381
120577837,1,7945,6664,0,27589
120577845,1,7910,6654,0,27813
120577852,1,7877,6643,0,27973
120577860,1,7846,6634,0,28118
120577867,1,7817,6627,0,28214
120577875,1,7790,6621,0,28286
120577882,1,7764,6617,0,28382
120577890,1,7738,6615,0,28462
120577897,1,7712,6613,0,28534
120577905,1,7686,6612,0,28582
120577912,1,7658,6612,0,28654
120577920,1,7628,6612,0,28670
120577927,1,7596,6612,0,28678
120577935,1,7563,6612,0,28726
120577942,1,7528,6612,0,28742
120577950,1,7491,6612,0,28790
120577957,1,7454,6612,0,28886
120577965,1,7415,6612,0,28982
120577972,1,7376,6612,0,29062
120577980,1,7336,6610,0,29198
120577987,1,7295,6607,0,29206
120577995,1,7253,6604,0,29278
120578002,1,7209,6600,0,29342
120578010,1,7164,6596,0,29414
120578017,1,7117,6591,0,29470
120578025,1,7070,6586,0,29534
120578032,1,7021,6580,0,29606
120578040,1,6966,6573,0,29678
120578047,1,6902,6564,0,29750
120578055,1,6831,6553,0,29798
120578062,1,6758,6540,0,29854
120578070,1,6691,6527,0,29854
120578077,1,6629,6513,0,29854
120578085,1,6574,6499,0,29854
120578092,1,6517,6483,0,29854
120578100,1,6459,6465,0,29846
120578107,1,6401,6446,0,29846
120578115,1,6341,6425,0,29862
120578122,1,6280,6404,0,29862
120578130,1,6220,6381,0,29878
120578137,1,6160,6357,0,29886
120578145,1,6100,6333,0,29894
120578152,1,6040,6306,0,29894
120578160,1,5980,6280,0,29942
120578167,1,5920,6252,0,30006
120578175,1,5862,6223,0,30006
120578182,1,5805,6194,0,29998
120578190,1,5755,6168,0,29982
120578197,1,5714,6145,0,29934
120578205,1,5667,6117,0,29878
120578212,1,5614,6084,0,29878
120578220,1,5561,6051,0,29878
120578227,1,5509,6017,0,29878
120578235,1,5471,5991,0,29870
120578242,1,5441,5969,0,29822
120578250,1,5406,5941,0,29750
120578257,1,5367,5908,0,29750
120578265,1,5322,5869,0,29702
120578272,1,5280,5828,0,29630
120578280,1,5239,5784,0,29622
120578287,1,5200,5740,0,29478
120578295,1,5164,5693,0,29334
120578302,1,5131,5646,0,29166
120578310,1,5101,5599,0,29070
120578317,1,5074,5552,0,28966
120578325,1,5051,5506,0,28902
120578332,1,5031,5461,0,28830
120578340,1,5015,5418,0,28822
120578347,1,5002,5376,0,28806
120578355,1,4992,5335,0,28702
120578362,1,4986,5296,0,28686
120578370,1,4982,5258,0,28606
120578377,1,4981,5221,0,28542
120578385,1,4981,5184,0,28494
120578392,1,4981,5148,0,28422
120578400,1,4988,5112,0,28246
120578407,1,4999,5075,0,28037
120578415,1,5013,5038,0,27909
120578422,1,5031,5000,0,27741
120578430,1,5052,4964,0,27677
120578437,1,5076,4928,0,27597
120578445,1,5102,4893,0,27597
120578452,1,5129,4860,0,27597
120578460,1,5159,4827,0,27605
120578467,1,5189,4796,0,27605
120578475,1,5221,4764,0,27685
120578482,1,5254,4734,0,27693
120578490,1,5288,4705,0,27693
120578497,1,5323,4676,0,27645
120578505,1,5359,4649,0,27573
120578512,1,5396,4624,0,27573
120578520,1,5435,4599,0,27533
120578527,1,5476,4575,0,27525
120578535,1,5518,4553,0,27517
120578542,1,5562,4531,0,27517
120578550,1,5607,4511,0,27509
120578557,1,5654,4491,0,27501
120578565,1,5709,4472,0,27501
120578572,1,5773,4452,0,27501
120578580,1,5846,4433,0,27501
120578587,1,5924,4417,0,27501
120578595,1,5998,4406,0,27501
120578602,1,6067,4398,0,27509
120578610,1,6131,4394,0,27517
120578617,1,6197,4392,0,27525
120578625,1,6266,4391,0,27525
120578632,1,6337,4391,0,27517
120578640,1,6409,4391,0,27509
120578647,1,6482,4400,0,27509
120578655,1,6555,4412,0,27509
120578662,1,6631,4428,0,27501
120578670,1,6708,4447,0,27493
120578677,1,6787,4468,0,27493
120578685,1,6866,4493,0,27493
120578692,1,6946,4521,0,27501
120578700,1,7027,4552,0,27501
120578707,1,7109,4587,0,27509
120578715,1,7190,4625,0,27509
120578722,1,7271,4666,0,27501
120578730,1,7352,4709,0,27501
120578737,1,7432,4754,0,27501
120578745,1,7514,4802,0,27501
120578752,1,7595,4851,0,27501
120578760,1,7677,4903,0,27509
120578767,1,7759,4957,0,27509
120578775,1,7842,5014,0,27517
120578782,1,7924,5073,0,27517
120578790,1,8005,5134,0,27509
120578797,1,8085,5196,0,27509
120578805,1,8164,5259,0,27509
120578812,1,8241,5322,0,27525
120578820,1,8318,5386,0,27533
120578827,1,8393,5451,0,27605
120578835,1,8466,5517,0,27669
120578842,1,8538,5583,0,27669
120578850,1,8607,5649,0,27661
120578857,1,8675,5714,0,27653
120578865,1,8739,5778,0,27589
120578872,1,8799,5841,0,27589
120578880,1,8854,5904,0,27597
120578887,1,8906,5966,0,27597
120578895,1,8955,6027,0,27597
120578902,1,9002,6088,0,27605
120578910,1,9046,6149,0,27653
120578917,1,9087,6208,0,27669
120578925,1,9125,6267,0,27717
120578932,1,9159,6324,0,27725
120578940,1,9189,6379,0,27725
120578947,1,9213,6425,0,27765
120578955,1,9230,6462,0,27765
120578962,1,9243,6492,0,27757
120578970,1,9253,6520,0,27757
120578977,1,9264,6553,0,27757
120578985,1,9274,6589,0,27757
120578992,1,9283,6630,0,27805
120579000,1,9289,6669,0,27813
120579007,1,9292,6705,0,27901
120579015,1,9292,6741,0,27901
120579022,1,9292,6775,0,27909
120579030,1,9289,6808,0,27965
120579037,1,9281,6841,0,27973
120579045,1,9269,6875,0,28029
120579052,1,9256,6908,0,28045
120579060,1,9240,6943,0,28053
120579067,1,9222,6977,0,28118
120579075,1,9201,7011,0,28126
120579082,1,9178,7046,0,28126
120579090,1,9153,7081,0,28214
120579097,1,9125,7117,0,28214
120579105,1,9095,7154,0,28206
120579112,1,9063,7192,0,28206
120579120,1,9030,7231,0,28150
120579127,1,8995,7270,0,28150
120579135,1,8958,7309,0,28198
120579142,1,8920,7348,0,28198
120579150,1,8880,7387,0,28206
120579157,1,8839,7425,0,28254
120579165,1,8798,7460,0,28262
120579172,1,8755,7493,0,28310
120579180,1,8710,7524,0,28310
120579187,1,8665,7553,0,28318
120579195,1,8618,7581,0,28382
120579202,1,8570,7608,0,28382
120579210,1,8522,7633,0,28454
120579217,1,8474,7657,0,28510
120579225,1,8425,7679,0,28582
120579232,1,8375,7700,0,28590
120579240,1,8326,7719,0,28598
120579247,1,8276,7736,0,28662
120579255,1,8225,7752,0,28670
120579262,1,8175,7765,0,28734
120579270,1,8125,7777,0,28734
120579277,1,8074,7786,0,28750
120579285,1,8024,7793,0,28758
120579292,1,7973,7798,0,28766
120579300,1,7915,7801,0,28838
120579307,1,7851,7801,0,28926
120579315,1,7779,7801,0,28926
120579322,1,7707,7796,0,28926
120579330,1,7642,7786,0,28934
120579337,1,7583,7773,0,28934
120579345,1,7531,7760,0,28982
120579352,1,7479,7746,0,29022
120579360,1,7426,7729,0,29022
120579367,1,7373,7711,0,28974
120579375,1,7319,7691,0,28974
120579382,1,7266,7670,0,28974
120579390,1,7213,7648,0,28974
120579397,1,7158,7625,0,28974
120579405,1,7103,7601,0,28974
120579412,1,7047,7575,0,28974
120579420,1,6993,7549,0,28974
120579427,1,6938,7521,0,28974
120579435,1,6884,7492,0,28990
120579442,1,6830,7462,0,28998
120579450,1,6776,7432,0,28998
120579457,1,6722,7400,0,28998
120579465,1,6668,7367,0,28990
120579472,1,6615,7332,0,28974
120579480,1,6563,7296,0,28966
120579487,1,6512,7259,0,28918
120579495,1,6460,7220,0,28918
120579502,1,6415,7186,0,28910
120579510,1,6377,7155,0,28902
120579517,1,6345,7129,0,28846
120579525,1,6314,7102,0,28830
120579532,1,6277,7069,0,28782
120579540,1,6235,7030,0,28710
120579547,1,6188,6983,0,28710
120579555,1,6138,6929,0,28702
120579562,1,6084,6866,0,28654
120579570,1,6027,6795,0,28646
120579577,1,5973,6721,0,28646
120579585,1,5927,6652,0,28638
120579592,1,5890,6588,0,28638
120579600,1,5861,6531,0,28590
120579607,1,5835,6474,0,28582
120579615,1,5812,6417,0,28574
120579622,1,5793,6361,0,28566
120579630,1,5776,6305,0,28558
120579637,1,5762,6250,0,28558
120579645,1,5751,6195,0,28550
120579652,1,5743,6142,0,28542
120579660,1,5738,6096,0,28534
120579667,1,5735,6058,0,28470
120579675,1,5734,6028,0,28462
120579682,1,5734,5998,0,28414
120579690,1,5734,5963,0,28406
120579697,1,5734,5922,0,28406
120579705,1,5737,5876,0,28390
120579712,1,5745,5829,0,28382
120579720,1,5757,5783,0,28326
120579727,1,5771,5737,0,28326
120579735,1,5788,5691,0,28334
120579742,1,5808,5646,0,28334
120579750,1,5831,5601,0,28334
120579757,1,5857,5555,0,28262
120579765,1,5887,5509,0,28214
120579772,1,5919,5464,0,28214
120579780,1,5954,5418,0,28214
120579787,1,5991,5373,0,28166
120579795,1,6029,5328,0,28166
120579802,1,6070,5284,0,28158
120579810,1,6112,5240,0,28086
120579817,1,6156,5197,0,28037
120579825,1,6203,5155,0,28037
120579832,1,6258,5107,0,28029
120579840,1,6322,5056,0,27965
120579847,1,6395,5001,0,27957
120579855,1,6470,4947,0,27957
120579862,1,6541,4900,0,27949
120579870,1,6607,4859,0,27949
120579877,1,6669,4824,0,27957
120579885,1,6733,4791,0,27965
120579892,1,6799,4760,0,27981
120579900,1,6866,4731,0,27981
120579907,1,6937,4703,0,28069
120579915,1,7010,4679,0,28069
120579922,1,7086,4658,0,28069
120579930,1,7163,4640,0,28053
120579937,1,7241,4626,0,28045
120579945,1,7319,4615,0,28045
120579952,1,7396,4608,0,28037
120579960,1,7475,4604,0,28037
120579967,1,7555,4604,0,28045
120579975,1,7635,4604,0,28045
120579982,1,7715,4609,0,28053
120579990,1,7796,4621,0,28061
120579997,1,7879,4637,0,28110
120580005,1,7960,4655,0,28110
120580012,1,8041,4678,0,28110
120580020,1,8121,4704,0,28110
120580027,1,8199,4734,0,28118
120580035,1,8278,4767,0,28134
120580042,1,8356,4802,0,28182
120580050,1,8433,4840,0,28182
120580057,1,8510,4880,0,28198
120580065,1,8585,4922,0,28198
120580072,1,8661,4966,0,28198
120580080,1,8733,5013,0,28198
120580087,1,8803,5059,0,28198
120580095,1,8870,5107,0,28190
120580102,1,8933,5156,0,28198
120580110,1,8994,5204,0,28238
120580117,1,9053,5254,0,28246
120580125,1,9109,5303,0,28254
120580132,1,9156,5346,0,28262
120580140,1,9195,5383,0,28334
120580147,1,9225,5413,0,28334
120580155,1,9253,5442,0,28334
120580162,1,9284,5477,0,28342
120580170,1,9319,5517,0,28350
120580177,1,9356,5562,0,28358
120580185,1,9390,5606,0,28358
120580192,1,9420,5649,0,28350
120580200,1,9446,5690,0,28350
120580207,1,9469,5730,0,28350
120580215,1,9489,5768,0,28350
120580222,1,9505,5805,0,28358
120580230,1,9517,5839,0,28406
120580237,1,9526,5872,0,28414
120580245,1,9531,5903,0,28422
120580252,1,9533,5933,0,28430
120580260,1,9533,5964,0,28510
120580267,1,9533,5998,0,28526
120580275,1,9530,6034,0,28534
120580282,1,9520,6074,0,28542
120580290,1,9505,6125,0,28638
120580297,1,9485,6185,0,28686
120580305,1,9459,6254,0,28686
120580312,1,9433,6317,0,28686
120580320,1,9410,6368,0,28694
120580327,1,9391,6406,0,28686
120580335,1,9374,6436,0,28646
120580342,1,9353,6473,0,28646
120580350,1,9322,6522,0,28606
120580357,1,9291,6572,0,28598
120580365,1,9257,6622,0,28598
120580372,1,9216,6679,0,28598
120580380,1,9182,6723,0,28590
120580387,1,9141,6774,0,28534
120580395,1,9098,6824,0,28534
120580402,1,9051,6874,0,28526
120580410,1,8990,6935,0,28478
120580417,1,8919,6998,0,28478
120580425,1,8845,7056,0,28478
120580432,1,8773,7104,0,28478
120580440,1,8704,7142,0,28486
120580447,1,8639,7170,0,28486
120580455,1,8571,7195,0,28486
120580462,1,8502,7215,0,28486
120580470,1,8431,7231,0,28486
120580477,1,8358,7244,0,28598
120580485,1,8285,7254,0,28598
120580492,1,8212,7260,0,28598
120580500,1,8140,7263,0,28606
120580507,1,8066,7263,0,28614
120580515,1,7991,7263,0,28622
120580522,1,7917,7260,0,28686
120580530,1,7841,7250,0,28694
120580537,1,7768,7238,0,28694
120580545,1,7695,7224,0,28758
120580552,1,7624,7207,0,28758
120580560,1,7555,7189,0,28766
120580567,1,7487,7169,0,28774
120580575,1,7421,7147,0,28790
120580582,1,7357,7124,0,28790
120580590,1,7293,7101,0,28790
120580597,1,7230,7077,0,28782
120580605,1,7167,7053,0,28782
120580612,1,7104,7027,0,28774
120580620,1,7043,7000,0,28766
120580627,1,6983,6972,0,28750
120580635,1,6924,6942,0,28742
120580642,1,6867,6909,0,28734
120580650,1,6811,6875,0,28734
120580657,1,6755,6838,0,28734
120580665,1,6701,6798,0,28686
120580672,1,6647,6756,0,28678
120580680,1,6594,6711,0,28614
120580687,1,6549,6670,0,28558
120580695,1,6498,6619,0,28558
120580702,1,6449,6566,0,28550
120580710,1,6400,6512,0,28542
120580717,1,6346,6449,0,28542
120580725,1,6300,6393,0,28534
120580732,1,6256,6337,0,28542
120580740,1,6215,6280,0,28550
120580747,1,6177,6225,0,28550
120580755,1,6143,6171,0,28598
120580762,1,6112,6118,0,28598
120580770,1,6083,6067,0,28550
120580777,1,6060,6022,0,28502
120580785,1,6042,5985,0,28502
120580792,1,6029,5954,0,28494
120580800,1,6017,5926,0,28438
120580807,1,6005,5893,0,28430
120580815,1,5992,5856,0,28350
120580822,1,5980,5814,0,28342
120580830,1,5970,5775,0,28302
120580837,1,5964,5737,0,28230
120580845,1,5960,5699,0,28222
120580852,1,5959,5663,0,28086
120580860,1,5959,5626,0,28037
120580867,1,5959,5590,0,27989
120580875,1,5965,5553,0,27981
120580882,1,5975,5516,0,27925
120580890,1,5987,5478,0,27813
120580897,1,6003,5439,0,27805
120580905,1,6020,5400,0,27757
120580912,1,6039,5361,0,27693
120580920,1,6061,5322,0,27613
120580927,1,6084,5282,0,27565
120580935,1,6110,5242,0,27517
120580942,1,6138,5201,0,27509
120580950,1,6169,5160,0,27429
120580957,1,6204,5118,0,27429
120580965,1,6242,5075,0,27429
120580972,1,6282,5031,0,27421
120580980,1,6327,4988,0,27365
120580987,1,6380,4941,0,27349
120580995,1,6442,4892,0,27349
120581002,1,6515,4841,0,27277
120581010,1,6592,4795,0,27213
120581017,1,6666,4757,0,27109
120581025,1,6737,4727,0,27045
120581032,1,6802,4705,0,26933
120581040,1,6869,4686,0,26933
120581047,1,6939,4671,0,26933
120581055,1,7011,4658,0,26837
120581062,1,7085,4649,0,26821
120581070,1,7161,4643,0,26773
120581077,1,7237,4639,0,26773
120581085,1,7313,4639,0,26765
120581092,1,7390,4639,0,26749
120581100,1,7469,4639,0,26749
120581107,1,7549,4646,0,26749
120581115,1,7629,4658,0,26757
120581122,1,7709,4673,0,26765
120581130,1,7789,4692,0,26805
120581137,1,7871,4716,0,26805
120581145,1,7950,4744,0,26805
120581152,1,8028,4776,0,26797
120581160,1,8105,4811,0,26789
120581167,1,8179,4851,0,26789
120581175,1,8254,4894,0,26789
120581182,1,8327,4941,0,26757
120581190,1,8399,4990,0,26757
120581197,1,8471,5042,0,26837
120581205,1,8540,5096,0,26885
120581212,1,8608,5152,0,26893
120581220,1,8674,5208,0,26893
120581227,1,8737,5265,0,26901
120581235,1,8797,5323,0,26901
120581242,1,8854,5381,0,26965
120581250,1,8908,5439,0,26965
120581257,1,8959,5499,0,26965
120581265,1,9007,5559,0,27029
120581272,1,9051,5618,0,27037
120581280,1,9092,5677,0,27045
120581287,1,9129,5735,0,27053
120581295,1,9161,5792,0,27061
120581302,1,9189,5847,0,27069
120581310,1,9214,5900,0,27077
120581317,1,9235,5952,0,27077
120581325,1,9251,5997,0,27085
120581332,1,9262,6035,0,27085
120581340,1,9270,6067,0,27093
120581347,1,9276,6098,0,27101
120581355,1,9282,6134,0,27101
120581362,1,9286,6175,0,27101
120581370,1,9289,6222,0,27101
120581377,1,9289,6268,0,27101
120581385,1,9289,6313,0,27101
120581392,1,9286,6359,0,27101
120581400,1,9277,6405,0,27029
120581407,1,9265,6450,0,27029
120581415,1,9251,6496,0,27037
120581422,1,9234,6541,0,27045
120581430,1,9216,6585,0,27045
120581437,1,9195,6629,0,27045
120581445,1,9173,6672,0,27045
120581452,1,9150,6714,0,27037
120581460,1,9125,6756,0,27037
120581467,1,9099,6796,0,26989
120581475,1,9072,6836,0,26941
120581482,1,9044,6875,0,26933
120581490,1,9016,6912,0,26877
120581497,1,8987,6948,0,26829
120581505,1,8957,6983,0,26781
120581512,1,8927,7017,0,26661
120581520,1,8895,7049,0,26557
120581527,1,8863,7081,0,26461
120581535,1,8829,7111,0,26301
120581542,1,8794,7141,0,26173
120581550,1,8757,7169,0,26037
120581557,1,8718,7196,0,25869
120581565,1,8679,7221,0,25701
120581572,1,8639,7244,0,25597
120581580,1,8598,7265,0,25477
120581587,1,8558,7284,0,25381
120581595,1,8517,7301,0,25317
120581602,1,8476,7316,0,25237
120581610,1,8434,7328,0,25101
120581617,1,8392,7339,0,25005
120581625,1,8349,7348,0,24861
120581632,1,8306,7355,0,24661
120581640,1,8262,7359,0,24501
120581647,1,8218,7361,0,24181
120581655,1,8173,7361,0,23573
120581662,1,8127,7361,0,22828
120581670,1,8080,7357,0,21884
120581677,1,8026,7346,0,20668
120581685,1,7962,7324,0,19148
120581692,1,7887,7287,0,17547
120581700,1,7823,7252,0,14747
120581707,1,7771,7216,0,7985
120581715,0,7771,7216,0,0
120581722,0,7665,7111,104,0
120581730,0,7600,7041,208,0
120581737,0,7529,6964,312,0
120581745,0,7471,6899,393,0
120581752,0,7424,6848,445,0
120581760,0,7388,6809,521,0
120581767,0,7361,6783,573,0
120581775,0,7342,6783,625,0
120581782,0,7324,6792,653,0
120581790,0,7324,6791,682,0
120581797,0,7324,6781,682,0
120581805,0,7292,6744,706,0
120581812,0,7259,6719,706,0
120581820,0,7220,6695,706,0
120581827,0,7176,6694,682,0
120581835,0,7149,6686,682,0
120581842,0,7122,6678,682,0
120581850,0,7097,6663,653,0
120581857,0,7073,6649,625,0
120581865,0,7047,6636,625,0
120581872,0,7023,6624,601,0
120581880,0,7000,6608,573,0
120581887,0,6977,6601,573,0
120581895,0,6957,6595,549,0
120581902,0,6938,6590,549,0
120581910,0,6917,6586,549,0
120581917,0,6895,6581,549,0
120581925,0,6873,6576,549,0
120581932,0,6848,6570,521,0
120581940,0,6823,6563,521,0
120581947,0,6796,6551,497,0
120581955,0,6768,6540,497,0
120581962,0,6738,6528,469,0
120581970,0,6707,6508,445,0
120581977,0,6674,6487,445,0
120581985,0,6639,6465,417,0
120581992,0,6603,6440,417,0
120582000,0,6565,6414,417,0
120582007,0,6525,6395,417,0
120582015,0,6483,6374,417,0
120582022,0,6433,6349,417,0
120582030,0,6374,6321,417,0
120582037,0,6306,6289,417,0
120582045,0,6230,6254,445,0
120582052,0,6150,6218,445,0
120582060,0,6076,6187,469,0
120582067,0,6007,6157,469,0
120582075,0,5943,6131,469,0
120582082,0,5885,6108,445,0
120582090,0,5826,6084,445,0
120582097,0,5766,6061,417,0
120582105,0,5704,6036,417,0
120582112,0,5640,6012,417,0
120582120,0,5573,5988,417,0
120582127,0,5503,5965,445,0
120582135,0,5433,5943,445,0
120582142,0,5362,5920,445,0
120582150,0,5292,5898,469,0
120582157,0,5223,5874,469,0
120582165,0,5153,5851,469,0
120582172,0,5085,5826,469,0
120582180,0,5017,5802,445,0
120582187,0,4950,5779,445,0
120582195,0,4883,5756,445,0
120582202,0,4815,5733,445,0
120582210,0,4748,5712,445,0
120582217,0,4683,5692,445,0
120582225,0,4619,5674,445,0
120582232,0,4558,5658,445,0
120582240,0,4500,5658,469,0
120582247,0,4445,5637,469,0
120582255,0,4398,5631,469,0
120582262,0,4359,5627,469,0
120582270,0,4329,5622,469,0
120582277,0,4306,5618,469,0
120582285,0,4284,5609,469,0
120582292,0,4258,5600,469,0
120582300,0,4228,5591,469,0
120582307,0,4194,5582,469,0
120582315,0,4157,5573,469,0
120582322,0,4123,5563,469,0
120582330,0,4092,5552,469,0
120582337,0,4063,5534,469,0
120582345,0,4037,5514,469,0
120582352,0,4015,5506,469,0
120582360,0,3996,5484,469,0
120582367,0,3980,5462,445,0
120582375,0,3980,5440,445,0
120582382,0,3979,5417,445,0
120582390,0,3975,5402,445,0
120582397,0,3973,5388,445,0
120582405,0,3962,5381,417,0
120582412,0,3961,5375,417,0
120582420,0,3961,5369,417,0
120582427,0,3961,5364,417,0
120582435,0,3971,5352,417,0
120582442,0,3990,5341,417,0
120582450,0,4015,5330,417,0
120582457,0,4046,5320,417,0
120582465,0,4070,5311,417,0
120582472,0,4096,5301,417,0
120582480,0,4123,5292,417,0
120582487,0,4152,5287,445,0
120582495,0,4183,5278,445,0
120582502,0,4215,5268,469,0
120582510,0,4248,5258,469,0
120582517,0,4283,5248,497,0
120582525,0,4320,5238,497,0
120582532,0,4357,5228,497,0
120582540,0,4396,5217,497,0
120582547,0,4435,5207,497,0
120582555,0,4476,5197,497,0
120582562,0,4519,5187,469,0
120582570,0,4562,5177,469,0
120582577,0,4607,5167,469,0
120582585,0,4653,5157,469,0
120582592,0,4700,5148,469,0
120582600,0,4748,5139,469,0
120582607,0,4796,5130,497,0
120582615,0,4844,5121,497,0
120582622,0,4893,5113,497,0
120582630,0,4942,5109,521,0
120582637,0,4998,5101,521,0
120582645,0,5062,5094,549,0
120582652,0,5120,5087,549,0
120582660,0,5171,5081,549,0
120582667,0,5224,5075,549,0
120582675,0,5278,5071,549,0
120582682,0,5346,5066,549,0
120582690,0,5429,5063,549,0
120582697,0,5512,5059,549,0
120582705,0,5589,5055,549,0
120582712,0,5658,5051,549,0
120582720,0,5719,5047,549,0
120582727,0,5774,5043,549,0
120582735,0,5830,5039,549,0
120582742,0,5886,5034,573,0
120582750,0,5944,5030,573,0
120582757,0,6001,5025,573,0
120582765,0,6060,5020,573,0
120582772,0,6120,5016,573,0
120582780,0,6182,5013,549,0
120582787,0,6246,5010,549,0
120582795,0,6310,5007,549,0
120582802,0,6375,5004,549,0
120582810,0,6439,5003,549,0
120582817,0,6502,5002,549,0
120582825,0,6565,5002,549,0
120582832,0,6629,5002,549,0
120582840,0,6694,5002,549,0
120582847,0,6761,5002,549,0
120582855,0,6828,5003,549,0
120582862,0,6896,5008,549,0
120582870,0,6967,5014,549,0
120582877,0,7037,5021,521,0
120582885,0,7109,5034,497,0
120582892,0,7180,5043,497,0
120582900,0,7251,5053,497,0
120582907,0,7322,5065,497,0
120582915,0,7395,5076,497,0
120582922,0,7469,5096,521,0
120582930,0,7544,5117,521,0
120582937,0,7621,5139,497,0
120582945,0,7699,5166,497,0
120582952,0,7780,5194,497,0
120582960,0,7862,5215,497,0
120582967,0,7944,5237,497,0
120582975,0,8025,5261,497,0
120582982,0,8106,5288,497,0
120582990,0,8185,5316,521,0
120582997,0,8266,5346,521,0
120583005,0,8348,5376,549,0
120583012,0,8430,5406,549,0
120583020,0,8514,5438,549,0
120583027,0,8598,5470,549,0
120583035,0,8682,5504,549,0
120583042,0,8765,5537,549,0
120583050,0,8845,5570,549,0
120583057,0,8924,5603,549,0
120583065,0,9002,5636,549,0
120583072,0,9080,5671,573,0
120583080,0,9158,5705,573,0
120583087,0,9237,5741,549,0
120583095,0,9316,5777,549,0
120583102,0,9395,5813,549,0
120583110,0,9472,5849,549,0
120583117,0,9547,5885,549,0
120583125,0,9618,5921,549,0
120583132,0,9686,5956,549,0
120583140,0,9752,5992,549,0
120583147,0,9815,6027,549,0
120583155,0,9876,6061,573,0
120583162,0,9935,6094,573,0
120583170,0,9990,6127,573,0
120583177,0,10037,6154,573,0
120583185,0,10075,6154,573,0
120583192,0,10105,6160,573,0
120583200,0,10127,6169,573,0
120583207,0,10147,6178,573,0
120583215,0,10170,6188,573,0
120583222,0,10196,6222,573,0
120583230,0,10223,6251,573,0
120583237,0,10250,6281,573,0
120583245,0,10272,6315,573,0
120583252,0,10272,6351,601,0
120583260,0,10269,6383,601,0
120583267,0,10269,6401,601,0
120583275,0,10269,6401,601,0
120583282,0,10271,6401,601,0
120583290,0,10280,6404,601,0
120583297,0,10284,6411,601,0
120583305,0,10284,6418,601,0
120583312,0,10282,6433,601,0
120583320,0,10261,6447,601,0
120583327,0,10233,6459,601,0
120583335,0,10198,6471,601,0
120583342,0,10156,6483,601,0
120583350,0,10109,6494,625,0
120583357,0,10070,6505,625,0
120583365,0,10028,6516,625,0
120583372,0,9978,6528,625,0
120583380,0,9919,6546,625,0
120583387,0,9852,6565,625,0
120583395,0,9775,6587,625,0
120583402,0,9693,6596,625,0
120583410,0,9607,6604,625,0
120583417,0,9524,6628,625,0
120583425,0,9444,6636,653,0
120583432,0,9368,6643,653,0
120583440,0,9299,6650,682,0
120583447,0,9229,6665,682,0
120583455,0,9159,6679,706,0
120583462,0,9088,6693,706,0
120583470,0,9018,6706,706,0
120583477,0,8947,6718,706,0
120583485,0,8877,6729,682,0
120583492,0,8806,6739,682,0
120583500,0,8733,6749,682,0
120583507,0,8657,6759,682,0
120583515,0,8579,6768,682,0
120583522,0,8501,6778,682,0
120583530,0,8424,6788,706,0
120583537,0,8349,6798,706,0
120583545,0,8275,6808,706,0
120583552,0,8201,6820,706,0
120583560,0,8129,6832,706,0
120583567,0,8057,6844,706,0
120583575,0,7984,6857,706,0
120583582,0,7910,6870,706,0
120583590,0,7834,6883,706,0
120583597,0,7759,6896,706,0
120583605,0,7685,6909,734,0
120583612,0,7612,6922,734,0
120583620,0,7539,6934,734,0
120583627,0,7467,6946,706,0
120583635,0,7394,6956,706,0
120583642,0,7321,6966,706,0
120583650,0,7248,6974,706,0
120583657,0,7174,6982,706,0
120583665,0,7100,6988,706,0
120583672,0,7024,6993,706,0
120583680,0,6949,6997,706,0
120583687,0,6875,7000,734,0
120583695,0,6801,7001,734,0
120583702,0,6728,7001,734,0
120583710,0,6657,7001,706,0
120583717,0,6587,7001,706,0
120583725,0,6517,7001,682,0
120583732,0,6448,6997,682,0
120583740,0,6378,6991,682,0
120583747,0,6308,6984,682,0
120583755,0,6237,6976,682,0
120583762,0,6167,6967,682,0
120583770,0,6098,6958,706,0
120583777,0,6030,6948,706,0
120583785,0,5963,6937,706,0
120583792,0,5898,6926,706,0
120583800,0,5835,6915,682,0
120583807,0,5773,6904,682,0
120583815,0,5713,6887,653,0
120583822,0,5654,6876,653,0
120583830,0,5595,6865,653,0
120583837,0,5536,6853,653,0
120583845,0,5475,6847,682,0
120583852,0,5415,6834,682,0
120583860,0,5356,6814,682,0
120583867,0,5297,6793,682,0
120583875,0,5239,6769,706,0
120583882,0,5181,6740,706,0
120583890,0,5124,6705,682,0
120583897,0,5068,6664,682,0
120583905,0,5014,6618,653,0
120583912,0,4961,6565,653,0
120583920,0,4909,6526,653,0
120583927,0,4857,6484,653,0
120583935,0,4805,6440,653,0
120583942,0,4752,6393,653,0
120583950,0,4700,6344,653,0
120583957,0,4650,6294,682,0
120583965,0,4601,6243,682,0
120583972,0,4559,6198,682,0
120583980,0,4525,6160,682,0
120583987,0,4488,6116,682,0
120583995,0,4448,6065,682,0
120584002,0,4409,6015,682,0
120584010,0,4409,5964,682,0
120584017,0,4409,5927,682,0
120584025,0,4401,5890,682,0
120584032,0,4351,5840,682,0
120584040,0,4301,5776,682,0
120584047,0,4263,5712,682,0
120584055,0,4263,5661,682,0
120584062,0,4257,5622,682,0
120584070,0,4250,5597,682,0
120584077,0,4243,5573,653,0
120584085,0,4227,5549,653,0
120584092,0,4212,5520,653,0
120584100,0,4199,5485,653,0
120584107,0,4189,5445,653,0
120584115,0,4184,5400,653,0
120584122,0,4182,5357,653,0
120584130,0,4181,5314,653,0
120584137,0,4181,5272,653,0
120584145,0,4181,5231,653,0
120584152,0,4187,5191,653,0
120584160,0,4200,5152,653,0
120584167,0,4220,5113,653,0
120584175,0,4249,5076,653,0
120584182,0,4284,5039,653,0
120584190,0,4327,5002,682,0
120584197,0,4377,4966,682,0
120584205,0,4414,4931,682,0
120584212,0,4455,4897,682,0
120584220,0,4503,4859,682,0
120584227,0,4561,4820,682,0
120584235,0,4628,4778,682,0
120584242,0,4705,4736,682,0
120584250,0,4787,4697,682,0
120584257,0,4871,4661,682,0
120584265,0,4952,4630,682,0
120584272,0,5027,4602,682,0
120584280,0,5099,4579,682,0
120584287,0,5165,4559,682,0
120584295,0,5232,4539,682,0
120584302,0,5301,4539,682,0
120584310,0,5372,4539,682,0
120584317,0,5445,4534,682,0
120584325,0,5520,4526,682,0
120584332,0,5595,4519,682,0
120584340,0,5670,4513,682,0
120584347,0,5746,4499,682,0
120584355,0,5824,4486,682,0
120584362,0,5904,4475,682,0
120584370,0,5987,4465,682,0
120584377,0,6073,4451,653,0
120584385,0,6161,4444,653,0
120584392,0,6251,4439,653,0
120584400,0,6343,4435,653,0
120584407,0,6434,4432,653,0
120584415,0,6525,4431,653,0
120584422,0,6616,4431,653,0
120584430,0,6708,4431,682,0
120584437,0,6803,4431,682,0
120584445,0,6899,4435,682,0
120584452,0,6999,4446,682,0
120584460,0,7099,4462,682,0
120584467,0,7201,4486,682,0
120584475,0,7303,4518,682,0
120584482,0,7405,4559,682,0
120584490,0,7511,4610,706,0
120584497,0,7620,4672,734,0
120584505,0,7733,4749,734,0
120584512,0,7849,4812,734,0
120584520,0,7966,4883,734,0
120584527,0,8085,4962,734,0
120584535,0,8205,5047,734,0
120584542,0,8326,5137,758,0
120584550,0,8451,5234,786,0
120584557,0,8576,5338,810,0
120584565,0,8694,5451,838,0
120584572,0,8806,5574,890,0
120584580,0,8895,5688,942,0
120584587,0,8978,5809,966,0
120584595,0,8978,5809,966,0
